drug,smiles,dose_mg,cmax_mg_L,source,tier
abacavir,C1CC1NC2=C3C(=NC(=N2)N)N(C=N3)C4CC(C=C4)CO,600.0,3.67,gold,gold
acetaminophen,CC(=O)Nc1ccc(O)cc1,1000.0,15.18,gold_clinical,gold_clinical
adefovir dipivoxil,CC(C)(C)C(=O)OCOP(=O)(COCCN1C=NC2=C(N=CN=C21)N)OCOC(=O)C(C)(C)C,10.0,0.0233,fda_expanded,fda_expanded
alosetron,CC1=C(N=CN1)CN2CCC3=C(C2=O)C4=CC=CC=C4N3C,4.0,0.005,gold,gold
amoxicillin,CC1(C(N2C(S1)C(C2=O)NC(=O)C(C3=CC=C(C=C3)O)N)C(=O)O)C,45.0,15.7,fda_expanded,fda_expanded
amphetamine,CC(CC1=CC=CC=C1)N,18.8,0.0449,gold,gold
atazanavir,CC(C)(C)C(C(=O)NC(CC1=CC=CC=C1)C(CN(CC2=CC=C(C=C2)C3=CC=CC=N3)NC(=O)C(C(C)(C)C)NC(=O)OC)O)NC(=O)OC,300.0,3.19,fda_expanded,fda_expanded
atenolol,CC(C)NCC(O)COc1ccc(CC(N)=O)cc1,50.0,0.38,gold,gold
atorvastatin,CC(C)c1n(CC[C@@H](O)C[C@@H](O)CC(=O)O)c(-c2ccccc2)c(-c2ccc(F)cc2)c1C(=O)Nc1ccccc1,40.0,0.011696691832031822,gold,gold
azacitidine,C1=NC(=NC(=O)N1C2C(C(C(O2)CO)O)O)N,300.0,0.145,gold,gold
azithromycin,CCC1C(C(C(N(CC(CC(C(C(C(C(C(=O)O1)C)OC2CC(C(C(O2)C)O)(C)OC)C)OC3C(C(CC(O3)C)N(C)C)O)(C)O)C)C)C)O)(C)O,500.0,0.5,gold,gold
belzutifan,CS(=O)(=O)C1=C2C(C(C(C2=C(C=C1)OC3=CC(=CC(=C3)C#N)F)F)F)O,20.0,1.5,fda_expanded,fda_expanded
brincidofovir,CCCCCCCCCCCCCCCCOCCCOP(=O)(COC(CN1C=CC(=NC1=O)N)CO)O,200.0,0.48,fda_expanded,fda_expanded
butalbital,CC(C)CC1(C(=O)NC(=O)NC1=O)CC=C,650.0,8.8,fda_expanded,fda_expanded
caffeine,CN1C=NC2=C1C(=O)N(C(=O)N2C)C,10.0,6.0,fda_expanded,fda_expanded
carbamazepine,NC(=O)N1c2ccccc2C=Cc2ccccc21,200.0,1.363620486949499,gold,gold
carglumic acid,C(CC(=O)O)C(C(=O)O)NC(=O)N,100.0,8.613,gold,gold
carisoprodol,CCCC(C)(COC(=O)N)COC(=O)NC(C)C,350.0,8.0,gold,gold
cefixime,C=CC1=C(N2C(C(C2=O)NC(=O)C(=NOCC(=O)O)C3=CSC(=N3)N)SC1)C(=O)O,200.0,3.7,gold,gold
cefpodoxime proxetil,CC(C)OC(=O)OC(C)OC(=O)C1=C(CSC2N1C(=O)C2NC(=O)C(=NOC)C3=CSC(=N3)N)COC,100.0,3.1,gold,gold
cetirizine,C1CN(CCN1CCOCC(=O)O)C(C2=CC=CC=C2)C3=CC=C(C=C3)Cl,60.0,0.311,fda_expanded,fda_expanded
ciprofloxacin,C1CC1N2C=C(C(=O)C3=CC(=C(C=C32)N4CCNCC4)F)C(=O)O,50.0,2.97,gold,gold
ciprofolxacin,C1CC1N2C=C(C(=O)C3=CC(=C(C=C32)N4CCC(C4)NN5CCNCC5)F)C(=O)O,50.0,2.97,gold,gold
clarithromycin,CCC1C(C(C(C(=O)C(CC(C(C(C(C(C(=O)O1)C)OC2CC(C(C(O2)C)O)(C)OC)C)OC3C(C(CC(O3)C)N(C)C)O)(C)OC)C)C)O)(C)O,500.0,0.8,gold,gold
clopidogrel,COC(=O)C(C1=CC=CC=C1Cl)N2CCC3=C(C2)C=CS3,300.0,0.3,gold,gold
clopidogrel bisulfate,COC(=O)C(C1=CC=CC=C1Cl)N2CCC3=C(C2)C=CS3.OS(=O)(=O)O,300.0,0.3,gold,gold
clozapine,CN1CCN(CC1)C2=NC3=C(C=CC(=C3)Cl)NC4=CC=CC=C42,75.0,0.413,gold,gold
codeine,COc1ccc2CC3N(C)CCC4=CC1OC24C3O,60.0,0.22871104,pkdb_expanded,pkdb_expanded
cyclobenzaprine,CN(C)CCC=C1C2=CC=CC=C2C=CC3=CC=CC=C31,10.0,0.0259,fda_expanded,fda_expanded
d_amphetamine,C[C@@H](N)Cc1ccccc1,20.0,0.05038915383238274,gold,gold
darifenacin,C1CN(CC1C(C2=CC=CC=C2)(C3=CC=CC=C3)C(=O)N)CCC4=CC5=C(C=C4)OCC5,400.0,0.0112,fda_expanded,fda_expanded
darolutamide,CC(CN1C=CC(=N1)C2=CC(=C(C=C2)C#N)Cl)NC(=O)C3=NNC(=C3)C(C)O,600.0,4.79,gold,gold
darunavir ethanolate,CCO.CC(C)CN(CC(C(CC1=CC=CC=C1)NC(=O)OC2COC3C2CCO3)O)S(=O)(=O)C4=CC=C(C=C4)N,100.0,7.32,fda_expanded,fda_expanded
dasatinib,CC1=C(C(=CC=C1)Cl)NC(=O)C2=CN=C(S2)NC3=CC(=NC(=N3)C)N4CCN(CC4)CCO,100.0,0.0822,gold,gold
desloratadine,C1CC2=C(C=CC(=C2)Cl)C(=C3CCNCC3)C4=C1C=CC=N4,5.0,0.004,gold,gold
dextroamphetamine,CC(CC1=CC=CC=C1)N,5.0,0.0366,fda_expanded,fda_expanded
diazepam,CN1C(=O)CN=C(c2ccccc2)c2cc(Cl)ccc21,10.0,0.12140377259227488,gold,gold
diclofenac,C1=CC=C(C(=C1)CC(=O)O)NC2=C(C=CC=C2Cl)Cl,25.0,0.024,gold,gold
digoxin,C[C@@H]1O[C@@H](O[C@@H]2C[C@H](O)[C@@H](O[C@@H]3C[C@H](O)[C@@H](O[C@@H]4C[C@H](O)[C@@H](OC5CC(CO)=CC(=O)O5)C(C)O4)C(C)O3)C(C)O2)C[C@H](O)[C@H]1O,0.5,0.0006939513865382899,gold,gold
efavirenz,C1CC1C#CC2(C3=C(C=CC(=C3)Cl)NC(=O)O2)C(F)(F)F,300.0,6.57,gold,gold
ensartinib,CC1CN(CC(N1)C)C(=O)C2=CC=C(C=C2)NC(=O)C3=NN=C(C(=C3)OC(C)C4=C(C=CC(=C4Cl)F)Cl)N,200.0,0.292,fda_expanded,fda_expanded
entacapone,CCN(CC)C(=O)C(=CC1=CC(=C(C(=C1)O)O)[N+](=O)[O-])C#N,200.0,1.2,gold,gold
entecavir,C=C1C(CC(C1CO)O)N2C=NC3=C2N=C(NC3=O)N,1.0,0.0042,gold,gold
etodolac,CCC1=C2C(=CC=C1)C3=C(N2)C(OCC3)(CC)CC(=O)O,600.0,14.0,fda_expanded,fda_expanded
ezetimibe,C1=CC(=CC=C1C2C(C(=O)N2C3=CC=C(C=C3)F)CCC(C4=CC=C(C=C4)F)O)O,10.0,0.0034,gold,gold
famotidine,C1=C(N=C(S1)N=C(N)N)CSCCC(=NS(=O)(=O)N)N,20.0,0.073,fda_expanded,fda_expanded
fesoterodine,CC(C)C(=O)OC1=C(C=C(C=C1)CO)C(CCN(C(C)C)C(C)C)C2=CC=CC=C2,8.0,0.00189,gold,gold
fluconazole,C1=CC(=C(C=C1F)F)C(CN2C=NC=N2)(CN3C=NC=N3)O,200.0,6.72,gold,gold
fluoxetine,CNCCC(Oc1ccc(C(F)(F)F)cc1)c1ccccc1,20.0,0.00628802772483203,gold,gold
flutamide,CC(C)C(=O)NC1=CC(=C(C=C1)[N+](=O)[O-])C(F)(F)F,200.0,0.0252,gold,gold
fruquintinib,CC1=C(C2=C(O1)C=C(C=C2)OC3=NC=NC4=CC(=C(C=C43)OC)OC)C(=O)NC,6.0,0.3,fda_expanded,fda_expanded
furosemide,NS(=O)(=O)c1cc(C(=O)O)c(NCc2ccco2)cc1Cl,40.0,2.0,gold,gold
gabapentin,C1CCC(CC1)(CC(=O)O)CN,600.0,9.59,fda_expanded,fda_expanded
glasdegib,CN1CCC(CC1C2=NC3=CC=CC=C3N2)NC(=O)NC4=CC=C(C=C4)C#N,150.0,1.252,gold,gold
guanfacine,C1=CC(=C(C(=C1)Cl)CC(=O)N=C(N)N)Cl,4.0,0.01,fda_expanded,fda_expanded
hydroxychloroquine,CCN(CCCC(C)NC1=C2C=CC(=CC2=NC=C1)Cl)CCO,200.0,0.1296,gold,gold
ibuprofen,CC(C)CC1=CC=C(C=C1)C(C)C(=O)O,1200.0,19.0,fda_expanded,fda_expanded
indapamide,CC1CC2=CC=CC=C2N1NC(=O)C3=CC(=C(C=C3)Cl)S(=O)(=O)N,5.0,0.115,fda_expanded,fda_expanded
isosorbide mononitrate,C1C(C2C(O1)C(CO2)O[N+](=O)[O-])O,60.0,1.242,fda_expanded,fda_expanded
isotretinoin,CC1=C(C(CCC1)(C)C)C=CC(=CC=CC(=CC(=O)O)C)C,80.0,0.57325,gold,gold
itraconazole,CCC(C)N1C(=O)N(C=N1)C2=CC=C(C=C2)N3CCN(CC3)C4=CC=C(C=C4)OCC5COC(O5)(CN6C=NC=N6)C7=C(C=C(C=C7)Cl)Cl,200.0,0.5,gold,gold
ketorolac,C1CN2C(=CC=C2C(=O)C3=CC=CC=C3)C1C(=O)O,10.0,2.52,fda_expanded,fda_expanded
lamivudine,C1C(OC(S1)CO)N2C=CC(=NC2=O)N,300.0,3.17,fda_expanded,fda_expanded
lanthanum carbonate,C(=O)([O-])[O-].C(=O)([O-])[O-].C(=O)([O-])[O-].[La+3].[La+3],87.0,0.001,fda_expanded,fda_expanded
lenacapavir,CC(C)(C#CC1=NC(=C(C=C1)C2=C3C(=C(C=C2)Cl)C(=NN3CC(F)(F)F)NS(=O)(=O)C)C(CC4=CC(=CC(=C4)F)F)NC(=O)CN5C6=C(C7CC7C6(F)F)C(=N5)C(F)(F)F)S(=O)(=O)C,927.0,0.0738,fda_expanded,fda_expanded
levocetirizine,C1CN(CCN1CCOCC(=O)O)C(C2=CC=CC=C2)C3=CC=C(C=C3)Cl,30.0,0.45,gold,gold
lopinavir,CC1=C(C(=CC=C1)C)OCC(=O)NC(CC2=CC=CC=C2)C(CC(CC3=CC=CC=C3)NC(=O)C(C(C)C)N4CCCNC4=O)O,200.0,9.8,fda_expanded,fda_expanded
lorlatinib,CC1C2=C(C=CC(=C2)F)C(=O)N(CC3=NN(C(=C3C4=CC(=C(N=C4)N)O1)C#N)C)C,100.0,0.577,fda_expanded,fda_expanded
losartan,CCCCC1=NC(=C(N1CC2=CC=C(C=C2)C3=CC=CC=C3C4=NNN=N4)CO)Cl,50.0,0.224,gold,gold
mercaptopurine,C1=NC2=C(N1)C(=S)N=CN2,50.0,0.093,fda_expanded,fda_expanded
mesalamine,C1=CC(=C(C=C1N)C(=O)O)O,500.0,0.857,fda_expanded,fda_expanded
metaxalone,CC1=CC(=CC(=C1)OCC2CNC(=O)O2)C,400.0,1.816,fda_expanded,fda_expanded
metformin,CN(C)C(=N)N=C(N)N,500.0,2.849,fda_expanded,fda_expanded
methanol,CO,100.0,1.992178815072387,gold,gold
methylphenidate,COC(=O)C(C1CCCCN1)C2=CC=CC=C2,72.0,0.0197,fda_expanded,fda_expanded
metoclopramide,CCN(CC)CCNC(=O)C1=CC(=C(C=C1OC)N)Cl,60.0,0.044,fda_expanded,fda_expanded
metronidazole,CC1=NC=C(N1CCO)[N+](=O)[O-],250.0,6.0,fda_expanded,fda_expanded
midazolam,Clc1ccc2c(c1)C(=NCc1nccn1C)c1ccccc1N2,2.0,0.02748,gold_clinical,gold_clinical
molnupiravir,CC(C)C(=O)OCC1C(C(C(O1)N2C=CC(=NC2=O)NO)O)O,800.0,2.33,fda_expanded,fda_expanded
montelukast,CC(C)(C1=CC=CC=C1CCC(C2=CC=CC(=C2)C=CC3=NC4=C(C=CC(=C4)Cl)C=C3)SCC5(CC5)CC(=O)O)O,5.0,0.667,fda_expanded,fda_expanded
morphine,CN1CCC23C4C1CC5=C2C(=C(C=C5)O)OC3C(C=C4)O,60.0,0.01865,fda_expanded,fda_expanded
moxifloxacin,COC1=C2C(=CC(=C1N3CC4CCCNC4C3)F)C(=O)C(=CN2C5CC5)C(=O)O,400.0,4.1,gold,gold
naproxen,COc1ccc2cc(CC(C)C(=O)O)ccc2c1,500.0,95.2,pkdb_expanded,pkdb_expanded
naproxen oral,CC(C1=CC2=C(C=C1)C=C(C=C2)OC)C(=O)O,500.0,64.3,fda_expanded,fda_expanded
nifedipine,COC(=O)C1=C(C)NC(C)=C(C(=O)OC)C1c1ccccc1[N+](=O)[O-],10.0,0.07508003707622452,gold,gold
norethindrone,CC12CCC3C(C1CCC2(C#C)O)CCC4=CC(=O)CCC34,5.0,0.02619,gold,gold
omeprazole,CC1=CN=C(C(=C1OC)C)CS(=O)C2=NC3=C(N2)C=C(C=C3)OC,20.0,0.1412,gold_clinical,gold_clinical
oseltamivir,CCC(CC)OC1C=C(CC(C1NC(=O)C)N)C(=O)OCC,30.0,0.065,gold,gold
oxybutynin,CCN(CC)CC#CCOC(=O)C(C1CCCCC1)(C2=CC=CC=C2)O,5.0,0.0036000000000000003,fda_expanded,fda_expanded
pantoprazole,COC1=C(C(=NC=C1)CS(=O)C2=NC3=C(N2)C=C(C=C3)OC(F)F)OC,40.0,2.5,gold,gold
paroxetine,C1CNCC(C1C2=CC=C(C=C2)F)COC3=CC4=C(C=C3)OCO4,20.0,0.061700000000000005,fda_expanded,fda_expanded
pazopanib,CC1=C(C=C(C=C1)NC2=NC=CC(=N2)N(C)C3=CC4=NN(C(=C4C=C3)C)C)S(=O)(=O)N,800.0,58.1,fda_expanded,fda_expanded
phenytoin,O=C1NC(=O)C(c2ccccc2)(c2ccccc2)N1,300.0,5.289547529976127,gold,gold
pilocarpine,CCC1C(COC1=O)CC2=CN=CN2C,10.0,0.015,fda_expanded,fda_expanded
pomalidomide,C1CC(=O)NC(=O)C1N2C(=O)C3=C(C2=O)C(=CC=C3)N,4.0,0.0531,gold,gold
posaconazole,CCC(C(C)O)N1C(=O)N(C=N1)C2=CC=C(C=C2)N3CCN(CC3)C4=CC=C(C=C4)OCC5CC(OC5)(CN6C=NC=N6)C7=C(C=C(C=C7)F)F,300.0,0.014,fda_expanded,fda_expanded
primaquine,CC(CCCN)NC1=C2C(=CC(=C1)OC)C=CC=N2,30.0,0.001,gold,gold
progesterone,CC(=O)C1CCC2C1(CCC3C2CCC4=CC(=O)CCC34C)C,200.0,0.0173,fda_expanded,fda_expanded
propranolol,CC(C)NCC(O)COc1cccc2ccccc12,80.0,0.08223408850692986,gold,gold
quinine,COC1=CC2=C(C=CN=C2C=C1)C(C3CC4CCN3CC4C=C)O,324.0,3.2,fda_expanded,fda_expanded
quizartinib,CC(C)(C)C1=CC(=NO1)NC(=O)NC2=CC=C(C=C2)C3=CN4C5=C(C=C(C=C5)OCCN6CCOCC6)SC4=N3,53.0,0.14,fda_expanded,fda_expanded
serdexmethylphenidate,COC(=O)C(C1CCCCN1C(=O)OC[N+]2=CC=CC(=C2)C(=O)NC(CO)C(=O)[O-])C3=CC=CC=C3,52.3,0.014,gold,gold
sertraline,CNC1CCC(C2=CC=CC=C12)C3=CC(=C(C=C3)Cl)Cl,50.0,0.165,gold,gold
simvastatin,CCC(C)(C)C(=O)OC1CC(O)C=C2C=CC(C)C(CCC3CC(O)CC(=O)O3)C21,40.0,0.0125,pkdb_expanded,pkdb_expanded
sirolimus,CC1CCC2CC(C(=CC=CC=CC(CC(C(=O)C(C(C(=CC(C(=O)CC(OC(=O)C3CCCCN3C(=O)C(=O)C1(O2)O)C(C)CC4CCC(C(C4)OC)O)C)C)O)OC)C)C)C)OC,10.0,0.014400000000000001,fda_expanded,fda_expanded
sonidegib,CC1CN(CC(O1)C)C2=NC=C(C=C2)NC(=O)C3=CC=CC(=C3C)C4=CC=C(C=C4)OC(F)(F)F,200.0,1.03,gold,gold
tafenoquine,CC1=CC(=NC2=C1C(=C(C=C2NC(C)CCCN)OC)OC3=CC=CC(=C3)C(F)(F)F)OC,100.0,0.147,fda_expanded,fda_expanded
tamoxifen,CCC(=C(C1=CC=CC=C1)C2=CC=C(C=C2)OCCN(C)C)C3=CC=CC=C3,20.0,0.04,gold,gold
tamsulosin,CCOC1=CC=CC=C1OCCNC(C)CC2=CC(=C(C=C2)OC)S(=O)(=O)N,1.0,0.0101,fda_expanded,fda_expanded
temozolomide,CN1C(=O)N2C=NC(=C2N=N1)C(=O)N,150.0,7.5,gold,gold
tenofovir disoproxil,CC(C)OC(=O)OCOP(=O)(COC(C)CN1C=NC2=C(N=CN=C21)N)OCOC(=O)OC(C)C,300.0,0.38,gold,gold
terbinafine,CC(C)(C)C#CC=CCN(C)CC1=CC=CC2=CC=CC=C21,250.0,1.0,gold,gold
theophylline,CN1C2=C(C(=O)N(C1=O)C)NC=N2,300.0,8.7247,gold_clinical,gold_clinical
tramadol,CN(C)CC1CCCCC1(C2=CC(=CC=C2)OC)O,100.0,0.0643,gold,gold
tramadol er,CN(C)CC1CCCCC1(C2=CC(=CC=C2)OC)O.Cl,100.0,0.335,fda_expanded,fda_expanded
tranexamic acid,C1CC(CCC1CN)C(=O)O,650.0,13.83,gold,gold
trospium,C1CC[N+]2(C1)C3CCC2CC(C3)OC(=O)C(C4=CC=CC=C4)(C5=CC=CC=C5)O,60.0,0.002,fda_expanded,fda_expanded
upadacitinib,CCC1CN(CC1C2=CN=C3N2C4=C(NC=C4)N=C3)C(=O)NCC(F)(F)F,15.0,0.0316,fda_expanded,fda_expanded
valacyclovir,CC(C)C(C(=O)OCCOCN1C=NC2=C1N=C(NC2=O)N)N,20.0,14.4,fda_expanded,fda_expanded
valganciclovir,CC(C)C(C(=O)OCC(CO)OCN1C=NC2=C1N=C(NC2=O)N)N,900.0,58.0,gold,gold
venlafaxine,CN(C)CC(C1=CC=C(C=C1)OC)C2(CCCCC2)O,75.0,0.15,fda_expanded,fda_expanded
verapamil,CC(C)C(CCCN(C)CCC1=CC(=C(C=C1)OC)OC)(C#N)C2=CC(=C(C=C2)OC)OC,180.0,0.0778,fda_expanded,fda_expanded
vilazodone,C1CN(CCN1CCCCC2=CNC3=C2C=C(C=C3)C#N)C4=CC5=C(C=C4)OC(=C5)C(=O)N,80.0,0.156,fda_expanded,fda_expanded
vonoprazan,CNCC1=CN(C(=C1)C2=CC=CC=C2F)S(=O)(=O)C3=CN=CC=C3,10.0,0.0117,fda_expanded,fda_expanded
vorasidenib,CC(C(F)(F)F)NC1=NC(=NC(=N1)C2=NC(=CC=C2)Cl)NC(C)C(F)(F)F,200.0,0.133,fda_expanded,fda_expanded
voriconazole,CC(C1=NC=NC=C1F)C(CN2C=NC=N2)(C3=C(C=C(C=C3)F)F)O,400.0,3.13,fda_expanded,fda_expanded
warfarin,CC(=O)CC(c1ccccc1)c1c(O)c2ccccc2oc1=O,10.0,1.2783,gold_clinical,gold_clinical
zolpidem,CC1=CC=C(C=C1)C2=C(N3C=C(C=CC3=N2)C)CC(=O)N(C)C,12.5,0.134,gold,gold
zonisamide,C1=CC=C2C(=C1)C(=NO2)CS(=O)(=O)N,300.0,2.0,gold,gold
