drug,smiles,dose_mg,obs_cmax,pred_cmax_pbpk,log_obs_cmax_per_mg,tier
adefovir dipivoxil,CC(C)(C)C(=O)OCOP(=O)(COCCN1C=NC2=C(N=CN=C21)N)OCOC(=O)C(C)(C)C,10.0,0.0233,,-6.061887011404528,fda_expanded
amoxicillin,CC1(C(N2C(S1)C(C2=O)NC(=O)C(C3=CC=C(C=C3)O)N)C(=O)O)C,45.0,15.7,,-1.0530017774160574,fda_expanded
atazanavir,CC(C)(C)C(C(=O)NC(CC1=CC=CC=C1)C(CN(CC2=CC=C(C=C2)C3=CC=CC=N3)NC(=O)C(C(C)(C)C)NC(=O)OC)O)NC(=O)OC,300.0,3.19,,-4.5437615578594475,fda_expanded
bedaquiline,CN(C)CCC(C1=CC=CC2=CC=CC=C21)(C(C3=CC=CC=C3)C4=C(N=C5C=CC(=CC5=C4)Br)OC)O,400.0,0.001,,-12.89921982609012,fda_expanded
belzutifan,CS(=O)(=O)C1=C2C(C(C(C2=C(C=C1)OC3=CC(=CC(=C3)C#N)F)F)F)O,20.0,1.5,,-2.5902671654458267,fda_expanded
brincidofovir,CCCCCCCCCCCCCCCCOCCCOP(=O)(COC(CN1C=CC(=NC1=O)N)CO)O,200.0,0.48,,-6.032286541628237,fda_expanded
butalbital,CC(C)CC1(C(=O)NC(=O)NC1=O)CC=C,650.0,8.8,,-4.302220641405522,fda_expanded
caffeine,CN1C=NC2=C1C(=O)N(C(=O)N2C)C,10.0,6.0,,-0.5108256237659907,fda_expanded
cetirizine,C1CN(CCN1CCOCC(=O)O)C(C2=CC=CC=C2)C3=CC=C(C=C3)Cl,60.0,0.311,,-5.262306929025003,fda_expanded
colchicine,CC(=O)NC1CCC2=CC(=C(C(=C2C3=CC=C(C(=O)C=C13)OC)OC)OC)OC,400.0,0.003,,-11.800607537422009,fda_expanded
cyclobenzaprine,CN(C)CCC=C1C2=CC=CC=C2C=CC3=CC=CC=C31,10.0,0.0259,,-5.95609740327069,fda_expanded
darifenacin,C1CN(CC1C(C2=CC=CC=C2)(C3=CC=CC=C3)C(=O)N)CCC4=CC5=C(C=C4)OCC5,400.0,0.0112,,-10.48330604778907,fda_expanded
darunavir ethanolate,CCO.CC(C)CN(CC(C(CC1=CC=CC=C1)NC(=O)OC2COC3C2CCO3)O)S(=O)(=O)C4=CC=C(C=C4)N,100.0,7.32,,-2.614559858014871,fda_expanded
dextroamphetamine,CC(CC1=CC=CC=C1)N,5.0,0.0366,,-4.9171449510089165,fda_expanded
ensartinib,CC1CN(CC(N1)C)C(=O)C2=CC=C(C=C2)NC(=O)C3=NN=C(C(=C3)OC(C)C4=C(C=CC(=C4Cl)F)Cl)N,200.0,0.292,,-6.529318843261892,fda_expanded
etodolac,CCC1=C2C(=CC=C1)C3=C(N2)C(OCC3)(CC)CC(=O)O,600.0,14.0,,-3.757872325600888,fda_expanded
famotidine,C1=C(N=C(S1)N=C(N)N)CSCCC(=NS(=O)(=O)N)N,20.0,0.073,,-5.613028111387737,fda_expanded
fruquintinib,CC1=C(C2=C(O1)C=C(C=C2)OC3=NC=NC4=CC(=C(C=C43)OC)OC)C(=O)NC,6.0,0.3,,-2.9957322735539913,fda_expanded
gabapentin,C1CCC(CC1)(CC(=O)O)CN,600.0,9.59,,-4.1362087663208,fda_expanded
guanfacine,C1=CC(=C(C(=C1)Cl)CC(=O)N=C(N)N)Cl,4.0,0.01,,-5.991464547107982,fda_expanded
ibuprofen,CC(C)CC1=CC=C(C=C1)C(C)C(=O)O,1200.0,19.0,,-4.1456378566096515,fda_expanded
indapamide,CC1CC2=CC=CC=C2N1NC(=O)C3=CC(=C(C=C3)Cl)S(=O)(=O)N,5.0,0.115,,-3.7722610630529876,fda_expanded
isosorbide mononitrate,C1C(C2C(O1)C(CO2)O[N+](=O)[O-])O,60.0,1.242,,-3.8776215787108135,fda_expanded
ketorolac,C1CN2C(=CC=C2C(=O)C3=CC=CC=C3)C1C(=O)O,10.0,2.52,,-1.3783261914707137,fda_expanded
lamivudine,C1C(OC(S1)CO)N2C=CC(=NC2=O)N,300.0,3.17,,-4.5500508867670115,fda_expanded
lanthanum carbonate,C(=O)([O-])[O-].C(=O)([O-])[O-].C(=O)([O-])[O-].[La+3].[La+3],87.0,0.001,,-11.37366339763672,fda_expanded
lenacapavir,CC(C)(C#CC1=NC(=C(C=C1)C2=C3C(=C(C=C2)Cl)C(=NN3CC(F)(F)F)NS(=O)(=O)C)C(CC4=CC(=CC(=C4)F)F)NC(=O)CN5C6=C(C7CC7C6(F)F)C(=N5)C(F)(F)F)S(=O)(=O)C,927.0,0.0738,,-9.438350112941565,fda_expanded
lopinavir,CC1=C(C(=CC=C1)C)OCC(=O)NC(CC2=CC=CC=C2)C(CC(CC3=CC=CC=C3)NC(=O)C(C(C)C)N4CCCNC4=O)O,200.0,9.8,,-3.0159349808715104,fda_expanded
lorlatinib,CC1C2=C(C=CC(=C2)F)C(=O)N(CC3=NN(C(=C3C4=CC(=C(N=C4)N)O1)C#N)C)C,100.0,0.577,,-5.155083198462129,fda_expanded
mefenamic acid,CC1=C(C(=CC=C1)NC2=CC=CC=C2C(=O)O)C,2.0,4.0,,0.6931471805599453,fda_expanded
mercaptopurine,C1=NC2=C(N1)C(=S)N=CN2,50.0,0.093,,-6.287178791257027,fda_expanded
mesalamine,C1=CC(=C(C=C1N)C(=O)O)O,500.0,0.857,,-6.368925458806549,fda_expanded
metaxalone,CC1=CC(=CC(=C1)OCC2CNC(=O)O2)C,400.0,1.816,,-5.39482826692888,fda_expanded
metformin,CN(C)C(=N)N=C(N)N,500.0,2.849,,-5.16764004290642,fda_expanded
methylphenidate,COC(=O)C(C1CCCCN1)C2=CC=CC=C2,72.0,0.0197,,-8.20380276225425,fda_expanded
metoclopramide,CCN(CC)CCNC(=O)C1=CC(=C(C=C1OC)N)Cl,60.0,0.044,,-7.217910207285977,fda_expanded
metronidazole,CC1=NC=C(N1CCO)[N+](=O)[O-],250.0,6.0,,-3.7297014486341915,fda_expanded
molnupiravir,CC(C)C(=O)OCC1C(C(C(O1)N2C=CC(=NC2=O)NO)O)O,800.0,2.33,,-5.838743460090318,fda_expanded
montelukast,CC(C)(C1=CC=CC=C1CCC(C2=CC=CC(=C2)C=CC3=NC4=C(C=CC(=C4)Cl)C=C3)SCC5(CC5)CC(=O)O)O,5.0,0.667,,-2.0144031455006135,fda_expanded
morphine,CN1CCC23C4C1CC5=C2C(=C(C=C5)O)OC3C(C=C4)O,60.0,0.01865,,-8.076253695114413,fda_expanded
naproxen oral,CC(C1=CC2=C(C=C1)C=C(C=C2)OC)C(=O)O,500.0,64.3,,-2.051048467178618,fda_expanded
oxybutynin,CCN(CC)CC#CCOC(=O)C(C1CCCCC1)(C2=CC=CC=C2)O,5.0,0.0036000000000000003,,-7.236259345954173,fda_expanded
paroxetine,C1CNCC(C1C2=CC=C(C=C2)F)COC3=CC4=C(C=C3)OCO4,20.0,0.061700000000000005,,-5.781203621624786,fda_expanded
pazopanib,CC1=C(C=C(C=C1)NC2=NC=CC(=N2)N(C)C3=CC4=NN(C(=C4C=C3)C)C)S(=O)(=O)N,800.0,58.1,,-2.6224460638100617,fda_expanded
pilocarpine,CCC1C(COC1=O)CC2=CN=CN2C,10.0,0.015,,-6.502290170873972,fda_expanded
posaconazole,CCC(C(C)O)N1C(=O)N(C=N1)C2=CC=C(C=C2)N3CCN(CC3)C4=CC=C(C=C4)OCC5CC(OC5)(CN6C=NC=N6)C7=C(C=C(C=C7)F)F,300.0,0.014,,-9.972480424023079,fda_expanded
progesterone,CC(=O)C1CCC2C1(CCC3C2CCC4=CC(=O)CCC34C)C,200.0,0.0173,,-9.35536614402644,fda_expanded
quinine,COC1=CC2=C(C=CN=C2C=C1)C(C3CC4CCN3CC4C=C)O,324.0,3.2,,-4.617592705986649,fda_expanded
quizartinib,CC(C)(C)C1=CC(=NO1)NC(=O)NC2=CC=C(C=C2)C3=CN4C5=C(C=C(C=C5)OCCN6CCOCC6)SC4=N3,53.0,0.14,,-5.9364047699249545,fda_expanded
sirolimus,CC1CCC2CC(C(=CC=CC=CC(CC(C(=O)C(C(C(=CC(C(=O)CC(OC(=O)C3CCCCN3C(=O)C(=O)C1(O2)O)C(C)CC4CCC(C(C4)OC)O)C)C)O)OC)C)C)C)OC,10.0,0.014400000000000001,,-6.543112165394228,fda_expanded
tafenoquine,CC1=CC(=NC2=C1C(=C(C=C2NC(C)CCCN)OC)OC3=CC=CC(=C3)C(F)(F)F)OC,100.0,0.147,,-6.522492878191493,fda_expanded
tamsulosin,CCOC1=CC=CC=C1OCCNC(C)CC2=CC(=C(C=C2)OC)S(=O)(=O)N,1.0,0.0101,,-4.595219855134923,fda_expanded
tramadol er,CN(C)CC1CCCCC1(C2=CC(=CC=C2)OC)O.Cl,100.0,0.335,,-5.698794933145162,fda_expanded
trospium,C1CC[N+]2(C1)C3CCC2CC(C3)OC(=O)C(C4=CC=CC=C4)(C5=CC=CC=C5)O,60.0,0.002,,-10.308952660644293,fda_expanded
upadacitinib,CCC1CN(CC1C2=CN=C3N2C4=C(NC=C4)N=C3)C(=O)NCC(F)(F)F,15.0,0.0316,,-6.162648359491481,fda_expanded
valacyclovir,CC(C)C(C(=O)OCCOCN1C=NC2=C1N=C(NC2=O)N)N,20.0,14.4,,-0.3285040669720361,fda_expanded
venlafaxine,CN(C)CC(C1=CC=C(C=C1)OC)C2(CCCCC2)O,75.0,0.15,,-6.214608098422191,fda_expanded
verapamil,CC(C)C(CCCN(C)CCC1=CC(=C(C=C1)OC)OC)(C#N)C2=CC(=C(C=C2)OC)OC,180.0,0.0778,,-7.746570698688002,fda_expanded
vilazodone,C1CN(CCN1CCCCC2=CNC3=C2C=C(C=C3)C#N)C4=CC5=C(C=C4)OC(=C5)C(=O)N,80.0,0.156,,-6.239925906406482,fda_expanded
vonoprazan,CNCC1=CN(C(=C1)C2=CC=CC=C2F)S(=O)(=O)C3=CN=CC=C3,10.0,0.0117,,-6.750751530172472,fda_expanded
vorasidenib,CC(C(F)(F)F)NC1=NC(=NC(=N1)C2=NC(=CC=C2)Cl)NC(C)C(F)(F)F,200.0,0.133,,-7.31572351730842,fda_expanded
voriconazole,CC(C1=NC=NC=C1F)C(CN2C=NC=N2)(C3=C(C=C(C=C3)F)F)O,400.0,3.13,,-4.85043154255592,fda_expanded
